id,query_paradigm,query,nl2sql,query_translate_en,nl2sql_en
4,patent|k3|org+cited_count+ipc|base=20251231,看看华为这块，被引用不少于100次、IPCG02B的专利有哪些？,patent|org_name:华为 AND cited_count:[100 TO *] AND ipc_cpc:G02B,"Looking at HuaweI's patents, which have been cited no less than 100 times and are IPCG02B patents?",patent|org_name:Huawei AND ipc_cpc:G02B AND cited_count:[100 TO *]
16,patent|k4|org+kw+cited_count+application_date|base=20250909,帮我查下Therapeutics公司：关于动力电池、被引用不少于3次、近几年申请日的专利有哪些？,patent|org_name:Therapeutics公司 AND key_words:动力电池 AND cited_count:[3 TO *] AND application_date:[20200909 TO 20250909],"Could you please help me find information about Therapeutics: What patents related to power batteries have been cited at least three times, and which were filed in recent years?",patent|org_name:Therapeutics AND key_words:power batteries AND cited_count:[3 TO *] AND application_date:[20200909 TO 20250909]
19,patent|k4|kw+earliest_family_earliest_priority_date+country_name+NOT|base=20241130,请帮我筛一下关于自动驾驶，2023-2023年最早优先权日、印度、不包含被引用为20次的专利有哪些？,patent|key_words:自动驾驶 AND earliest_family_earliest_priority_date:[20230101 TO 20231231] AND country_name:印度 AND NOT (cited_count:20),"Please help me filter out the patents related to autonomous driving that have the earliest priority date (2023-2023), India, and do not include those cited more than 20 times.",patent|country_name:India AND key_words:autonomous driving AND earliest_family_earliest_priority_date:[20230101 TO 20231231] AND NOT (cited_count:20)
22,patent|k3|org+kw+reference_count|base=20251031,麻烦检索百度或丰田，关于OLED与自动驾驶、引用为5次的专利有哪些？,patent|org_name:(百度 OR 丰田) AND key_words:(OLED OR 自动驾驶) AND reference_count:5,Please search on Baidu or Toyota for patents related to OLED and autonomous driving that have been cited 5 times.,patent|org_name:(Baidu OR Toyota) AND key_words:(OLED OR autonomous driving) AND reference_count:5
26,patent|k5|org+kw+licensee+license_effective_date+patent_type|base=20250101,想了解一下比亚迪公司，关于大模型与影像、去年许可生效日、被许可人是清华大学、外观设计的专利有哪些？,patent|org_name:比亚迪 AND key_words:(大模型 OR 影像) AND license_effective_date:[20240101 TO 20250101] AND licensee:清华大学 AND patent_type:外观设计,"I'd like to learn more about BYD, specifically regarding their large-scale models and imaging technology, the effective date of their licenses last year, the fact that Tsinghua University is the licensee, and what design patents they hold.",patent|org_name:BYD AND key_words:(large models OR imaging) AND license_effective_date:[20240101 TO 20250101] AND licensee:Tsinghua University AND patent_type:design patent
28,patent|k3|kw+cited_count+transfer_after|base=20240229,看看关于AR这块，被引用不超过99次、受让人是中国中煤能源集团的专利有哪些？,patent|key_words:AR AND cited_count:[* TO 99] AND transfer_after:中国中煤能源集团,"Looking at AR-related patents, which have been cited less than 99 times and assigned to China Coal Energy Group?",patent|transfer_after:China National Coal Energy Group AND key_words:AR AND cited_count:[* TO 99] AND country_name:China
33,patent|k3|org+kw+transfer_before|base=20240926,想搜vivo相关的，关于检索、转让人是绍兴百立杰环保科技有限公司的专利有哪些？,patent|org_name:vivo AND key_words:检索 AND transfer_before:绍兴百立杰环保科技有限公司,"If I want to search for information related to vivo, what patents are there that are transferred by Shaoxing Bailijie Environmental Protection Technology Co., Ltd.?","patent|org_name:vivo AND transfer_before:Shaoxing Bailijie Environmental Protection Technology Co., Ltd."
35,patent|k2|org+transfer_before|base=20240630,请帮我筛一下北京纳米维景科技有限公司或天津凯华绝缘材料股份有限公司，转让人是中国工商银行股份有限公司的专利有哪些？,patent|org_name:(北京纳米维景科技有限公司 OR 天津凯华绝缘材料股份有限公司) AND transfer_before:中国工商银行股份有限公司,"Please help me filter for patents held by Beijing Nanoview Technology Co., Ltd. or Tianjin Kaihua Insulation Materials Co., Ltd., whose transferors are Industrial and Commercial Bank of China Limited.",patent|org_name:(Beijing Nanoview OR Tianjin Kaihua) AND transfer_before:Industrial and Commercial Bank of China
40,patent|k5|org+kw+cited_count+licensee+patent_type|base=20260119,帮我查下佛山市南海区绿智电机设备有限公司：关于ADC、被引用少于30次、被许可人是高通、外观设计的专利有哪些？,patent|org_name:佛山市南海区绿智电机设备有限公司 AND key_words:ADC AND cited_count:[* TO 29] AND licensee:高通 AND patent_type:外观设计,"Could you please help me check the patents of Foshan Nanhai District Lvzhi Motor Equipment Co., Ltd. regarding ADCs, patents cited less than 30 times, patents licensed to Qualcomm, and design patents?",patent|org_name:Foshan Nanhai Green Intelligent Motor Equipment AND patent_type:design patent AND key_words:ADC AND cited_count:[* TO 29] AND licensee:Qualcomm
69,patent$$paper|k4+k4|patent:org+kw+cited_count+publication_date$$paper:org+kw+paper_cited_count+date|base=20240831,想查下：LG，关于HBM，被引用不少于80次，2020年到2023年公开的专利有哪些？ 以及：发明人李超群在四川天邑康，关于HBM，被引用为5次，2022年到2024年发表的论文有哪些？,patent|org_name:LG AND key_words:HBM AND cited_count:[80 TO *] AND publication_date:[20200101 TO 20231231] $$ paper|org_name:四川天邑康 AND person:李超群 AND key_words:HBM AND cited_count:5 AND date:[20220101 TO 20240831],"I'd like to check: What patents did LG publish between 2020 and 2023 regarding HBM, which have been cited at least 80 times? And what papers did inventor Li Chaoqun publish between 2022 and 2024 at Sichuan Tianyikang, which have been cited 5 times regarding HBM?",patent|org_name:LG AND key_words:HBM AND cited_count:[80 TO *] AND publication_date:[20200101 TO 20231231] $$ paper|org_name:Sichuan Tianyi Kang AND person:Li Chaoqun AND key_words:HBM AND cited_count:[5 TO *] AND date:[20220101 TO 20240831]
78,patent|k2|org+cited_count|base=20251231,麻烦检索索尼，被引用不少于50次的专利有哪些？,patent|org_name:索尼 AND cited_count:[50 TO *],Please search for Sony's patents that have been cited at least 50 times.,patent|org_name:Sony AND cited_count:[50 TO *]
83,patent|k3|org+kw+licensee|base=20260119,请帮我筛一下格力，关于光伏、被许可人是江苏科曼赛特减振器有限公司的专利有哪些？,patent|org_name:格力 AND key_words:光伏 AND licensee:江苏科曼赛特减振器有限公司,"Please help me filter Gree's patents related to photovoltaics, specifically those with Jiangsu Kemanset Vibration Damper Co., Ltd. as the licensee.","patent|org_name:Gree AND key_words:photovoltaics AND licensee:Jiangsu Kemanset Vibration Damper Co., Ltd."
95,patent|k5|org+kw+reference_count+earliest_family_earliest_priority_date+legal_status|base=20250520,帮我找找中科院，关于VR、2024年Q4最早优先权日、引用超过8次、法律状态审中的专利有哪些？,patent|org_name:中科院 AND key_words:VR AND earliest_family_earliest_priority_date:[20241001 TO 20241231] AND reference_count:[9 TO *] AND legal_status:审中,"Could you help me find some patents from the Chinese Academy of Sciences related to VR, with the earliest priority date in Q4 2024, cited more than 8 times, and currently under legal review?",patent|org_name:Chinese Academy of Sciences AND key_words:VR AND earliest_family_earliest_priority_date:[20241001 TO 20241231] AND reference_count:[9 TO *] AND legal_status: examined
109,patent|k4|org+application_date+country+legal_status|base=20251010,查询飞翼股份有限公司：最近9个月申请日、韩国、法律状态已授权的专利有哪些？,patent|org_name:飞翼股份有限公司 AND application_date:[20250110 TO 20251010] AND country_name:韩国 AND legal_status:授权,"What patents has Feiyi Co., Ltd. filed in Japan and South Korea in the last 9 months, and which have been granted under the law?",patent|org_name:Flywing AND country_name:South Korea AND legal_status:granted AND application_date:[20250110 TO 20251010]
119,patent|k4|org+kw+licensor+application_date|base=20240228,帮我找找辉瑞公司，关于耐磨材料、许可人是北京大学、2025年Q4申请日的专利有哪些？,patent|org_name:辉瑞公司 AND key_words:耐磨材料 AND licensor:北京大学 AND application_date:[20251001 TO 20251231],"Could you help me find Pfizer's patents related to wear-resistant materials, with Peking University as the licensor, and filed in Q4 2025?",patent|org_name:Pfizer AND application_date:[20251001 TO 20251231] AND key_words:wear-resistant materials AND licensor:Peking University
132,patent|k4|org+licensor+application_date+legal_status|base=20240229,看看索尼或齐重数控装备股份有限公司这块，许可人是中国中煤能源集团有限公司、2020年前申请日、法律状态已授权的专利有哪些？,patent|org_name:(索尼 OR 齐重数控装备股份有限公司) AND licensor:中国中煤能源集团有限公司 AND application_date:[* TO 20200101] AND legal_status:授权,"Looking at Sony or Qizhong CNC Equipment Co., Ltd., what patents have been granted before 2020 with the licensor being China Coal Energy Group Co., Ltd.?",patent|org_name:(Sony OR Qizhong CNC Equipment) AND licensor:China Coal Energy Group AND legal_status:granted AND application_date:[* TO 20200101]
142,patent$$paper|k4+k3|patent:org+kw+cited_count+publication_date$$paper:org+kw+paper_cited_count|base=20250704,想查下：立林科技有限公司或上海曼杰有限公司，关于射频消融，被引用不超过20次，2025年Q1公开的专利有哪些？ 同时也：立林科技有限公司或上海曼杰有限公司，关于射频消融，被引用不少于8次的论文有哪些？,patent|org_name:(立林科技有限公司 OR 上海曼杰有限公司) AND key_words:射频消融 AND cited_count:[* TO 20] AND publication_date:[20250101 TO 20250331] $$ paper|org_name:(立林科技有限公司 OR 上海曼杰有限公司) AND key_words:射频消融 AND cited_count:[8 TO *],"I'd like to find out which patents related to radiofrequency ablation by Lehlin Technology Co., Ltd. or Shanghai Manjie Co., Ltd. were published in Q1 2025 and have been cited no more than 20 times. Also, what papers by Lehlin Technology Co., Ltd. or Shanghai Manjie Co., Ltd. related to radiofrequency ablation have been cited at least 8 times?",patent|org_name:(Lehlin OR Shanghai Manjie) AND key_words:radiofrequency ablation AND publication_date:[20250101 TO 20250331] AND cited_count:[* TO 20] $$ paper|org_name:(Lehlin OR Shanghai Manjie) AND key_words:radiofrequency ablation AND cited_count:[8 TO *]
149,patent|k3|org+reference_count+country|base=20251212,查询上海傲鲨智能科技有限公司：引用不少于3次、澳大利亚的专利有哪些？,patent|org_name:上海傲鲨智能科技有限公司 AND reference_count:[3 TO *] AND country_name:澳大利亚,"Searching for Shanghai Aosha Intelligent Technology Co., Ltd.: What are its Australian patents that have been cited at least 3 times?",patent|org_name:Shanghai Aosha Intelligent Technology AND country_name:Australia AND reference_count:[3 TO *]
150,patent|k3|org+cited_count+country|base=20260131,麻烦检索广东微容电子科技股份有限公司，被引用超过100次、韩国的专利有哪些？,patent|org_name:广东微容电子科技股份有限公司 AND cited_count:[101 TO *] AND country_name:韩国,"Please search for Guangdong Micro-Rong Electronics Technology Co., Ltd. and what patents it has been cited more than 100 times in South Korea.",patent|org_name:Guangdong Microelectronics Technology AND country_name:South Korea AND cited_count:[101 TO *]
173,patent|k2|org+licensee|base=20260119,查询辉瑞公司：被许可人是vivo的专利有哪些？,patent|org_name:辉瑞公司 AND licensee:vivo,"Searching for Pfizer's patents, what patents are licensed to vivo?",patent|org_name:Pfizer AND licensee:vivo
182,patent|k3|org+licensee+application_date|base=20260119,麻烦检索宁德时代，被许可人是清华大学、最近3个月申请日的专利有哪些？,patent|org_name:宁德时代 AND licensee:清华大学 AND application_date:[20251019 TO 20260119],"Please search for CATL (Contemporary Amperex Technology Co., Limited) and find out which of its patents have been filed within the last three months, with Tsinghua University as the licensee.",patent|org_name:CATL AND licensee:Tsinghua University AND application_date:[20251019 TO 20260119]
187,patent|k3|org+effective_date_of_rights_transfer+publication_date|base=20240331,请帮我筛一下vivo，2022年公开日、去年权利转移生效日的专利有哪些？,patent|org_name:vivo AND publication_date:[20220101 TO 20221231] AND effective_date_of_rights_transfer:[20230101 TO 20231231],Please help me filter out vivo's patents that were published in 2022 or whose rights transfer took effect last year.,patent|org_name:vivo AND publication_date:[20220101 TO 20221231] AND effective_date_of_rights_transfer:[20230101 TO 20231231]
189,patent|k3|kw+reference_count+application_date|base=20240630,查询关于深度学习：引用不少于26次、2024年以来申请日的专利有哪些？,patent|key_words:深度学习 AND reference_count:[26 TO *] AND application_date:[20240101 TO *],What patents related to deep learning have been cited at least 26 times and filed since 2024?,patent|application_date:[20240101 TO *] AND key_words:deep learning AND reference_count:[26 TO *]
190,patent|k3|org+cited_count+publication_date|base=20260131,麻烦检索亚马逊或上海曼杰有限公司，去年公开日、被引用不少于15次的专利有哪些？,patent|org_name:(亚马逊 OR 上海曼杰有限公司) AND publication_date:[20250101 TO 20251231] AND cited_count:[15 TO *],"Please search Amazon or Shanghai Manjie Co., Ltd. for which patents were published last year and cited at least 15 times.",patent|org_name:(Amazon OR Shanghai Manjie) AND publication_date:[20250131 TO 20251231] AND cited_count:[15 TO *]
211,patent|k3|reference_count+patent_type+ipc_cpc|base=20240731,请帮我筛一下引用不少于11次，外观设计、IPCF16H的专利有哪些？,patent|reference_count:[11 TO *] AND patent_type:外观设计 AND ipc_cpc:F16H,Please help me filter out which patents have been cited at least 11 times and are related to design patents or IPCF16H patents.,patent|ipc_cpc:F16H AND reference_count:[11 TO *] AND patent_type:invention application
222,patent|k5|org+kw+reference_count+publication_date+ipc|base=20250315,麻烦检索北京大学，关于小分子、2021年到2025年公开日、引用超过5次、IPCB60W的专利有哪些？,patent|org_name:北京大学 AND key_words:小分子 AND publication_date:[20210101 TO 20250315] AND reference_count:[6 TO *] AND ipc_cpc:B60W,"Please search Peking University for patents related to small molecules, with publication dates from 2021 to 2025, cited more than 5 times, and with IPCB60W.",patent|org_name:Peking University AND reference_count:[6 TO *] AND date:[20210101 TO 20250315] AND key_words:small molecules AND ipc_cpc:B60W
230,patent|k2|kw+application_date|base=20240228,麻烦检索关于诊断试剂，2023-2024年申请日的专利有哪些？,patent|key_words:诊断试剂 AND application_date:[20230101 TO 20240228],Could you please search for patents related to diagnostic reagents filed in 2023-2024?,patent|application_date:[20230101 TO 20240228] AND key_words:diagnostic reagents
255,patent|k2|org+publication_date|base=20240630,帮我找找OPPO，2019年前公开日的专利有哪些？,patent|org_name:OPPO AND publication_date:[* TO 20190101],Can you help me find out which OPPO patents were published before 2019?,patent|org_name:OPPO AND publication_date:[* TO 20190101]
256,patent|k4|org+kw+licensee+earliest_family_earliest_priority_date|base=20241231,帮我查下上海腾盛智能安全科技股份有限公司或美敦力公司：关于诊断试剂、2019年到2024年最早优先权日、被许可人是LG的专利有哪些？,patent|org_name:(上海腾盛智能安全科技股份有限公司 OR 美敦力公司) AND key_words:诊断试剂 AND earliest_family_earliest_priority_date:[20190101 TO 20241231] AND licensee:LG,"Could you please help me find out which patents Shanghai Tengsheng Intelligent Safety Technology Co., Ltd. or Medtronic have related to diagnostic reagents, with the earliest priority date between 2019 and 2024, and LG as the licensee?",patent|org_name:(Shanghai Tengsheng Intelligent Safety Technology OR Medtronic) AND licensee:LG AND key_words:diagnostic reagents AND earliest_family_earliest_priority_date:[20190101 TO 20241231]
259,patent|k2|org+reference_count|base=20250520,请帮我筛一下北京朗视仪器股份有限公司，引用超过3次的专利有哪些？,patent|org_name:北京朗视仪器股份有限公司 AND reference_count:[4 TO *],"Please help me filter Beijing Langshi Instruments Co., Ltd.'s patents that have been cited more than 3 times.",patent|org_name:Beijing Langshi Instruments AND reference_count:[4 TO *]
272,patent$$paper|k3+k3|patent:org+cited_count+publication_date$$paper:org+paper_cited_count+date|base=20250704,想查下：台积电，被引用5到55次，最近3个月公开的专利有哪些？ 同时也：亚马逊，被引用超过30次，今年发表的论文有哪些？,patent|org_name:台积电 AND cited_count:[5 TO 55] AND publication_date:[20250404 TO 20250704] $$ paper|org_name:亚马逊 AND cited_count:[31 TO *] AND date:[20250101 TO *],"I'd like to know: What patents has TSMC (Taiwan Semiconductor Manufacturing Company) published in the last three months that have been cited 5 to 55 times? Also, what papers has Amazon (Amazon.com) published this year that have been cited more than 30 times?",patent|org_name:TSMC AND cited_count:[5 TO 55] AND publication_date:[20250404 TO 20250704] $$ paper|org_name:Amazon AND cited_count:[31 TO *] AND date:[20250101 TO *]
273,patent|k4|org+kw+cited_count+earliest_family_earliest_priority_date|base=20240228,想搜北京元六鸿远电子科技股份有限公司相关的，关于涂层、被引用80到100次、2020年前最早优先权日的专利有哪些？,patent|org_name:北京元六鸿远电子科技股份有限公司 AND key_words:涂层 AND cited_count:[80 TO 100] AND earliest_family_earliest_priority_date:[* TO 20200101],"I'm looking for information related to Beijing Yuanliu Hongyuan Electronic Technology Co., Ltd., specifically regarding coatings, patents cited 80 to 100 times, and patents with the earliest priority date before 2020.",patent|org_name:Beijing Yuanliu Hongyuan Electronic Technology AND key_words:coatings AND earliest_family_earliest_priority_date:[* TO 20200101] AND cited_count:[80 TO 100]
277,patent|k2|org+cited_count|base=20241130,查询阿里巴巴：被引用不少于80次的专利有哪些？,patent|org_name:阿里巴巴 AND cited_count:[80 TO *],Search Alibaba: Which patents have been cited at least 80 times?,patent|org_name:Alibaba AND cited_count:[80 TO *]
288,patent|k3|org+licensor+application_date|base=20240228,帮我查下天津凯华绝缘材料股份有限公司：许可人是浙江精工集成科技股份有限公司、2022年申请日的专利有哪些？,patent|org_name:天津凯华绝缘材料股份有限公司 AND licensor:浙江精工集成科技股份有限公司 AND application_date:[20220101 TO 20221231],"Could you please help me check the patents filed by Tianjin Kaihua Insulation Materials Co., Ltd., whose licensor is Zhejiang Jinggong Integrated Technology Co., Ltd., and which were filed in 2022?",patent|org_name:Tianjin Kaihua Insulation Materials AND licensor:Zhejiang Jinggong Integrated Technology AND application_date:[20220101 TO 20221231]
289,patent|k4|kw+reference_count+country_name+ipc_cpc|base=20260131,想搜关于疫苗相关的，引用不少于16次、新加坡、IPCH04W的专利有哪些？,patent|key_words:疫苗 AND reference_count:[16 TO *] AND country_name:新加坡 AND ipc_cpc:H04W,"What are some vaccine-related patents that have been cited at least 16 times, and are from Singapore, specifically IPCH04W?",patent|country_name:Singapore AND ipc_cpc:H04W AND key_words:vaccines AND cited_count:[16 TO *]
292,patent|k4|org+kw+licensor+application_date|base=20240229,看看丰田或美敦力公司这块，关于光学模组、许可人是佛山市南海区绿智电机设备有限公司、2025年Q4申请日的专利有哪些？,patent|org_name:(丰田 OR 美敦力公司) AND key_words:光学模组 AND licensor:佛山市南海区绿智电机设备有限公司 AND application_date:[20251001 TO 20251231],"Let's look at Toyota or Medtronic. What patents do they have related to optical modules, with Foshan Nanhai Green Intelligent Motor Equipment Co., Ltd. as the licensor, and filed in Q4 2025?",patent|org_name:(Toyota OR Medtronic) AND licensor:Foshan Nanhai Green Intelligent Motor Equipment AND application_date:[20251001 TO 20251231] AND key_words:optical modules
321,patent|k4|org+kw+effective_date_of_rights_transfer+publication_date|base=20250315,想搜北京大艾机器人科技有限公司相关的，关于隐私计算与材料、近几年公开日、今年权利转移生效日的专利有哪些？,patent|org_name:北京大艾机器人科技有限公司 AND key_words:(隐私计算 OR 材料) AND publication_date:[20200315 TO 20250315] AND effective_date_of_rights_transfer:[20250101 TO *],"I'm looking for patents related to Beijing Daai Robotics Technology Co., Ltd., specifically those related to privacy computing and materials, their publication dates in recent years, and their effective dates for rights transfer this year.",patent|org_name:Beijing Daai Robotics Technology AND key_words:(privacy computing OR materials) AND date:[20200315 TO 20250315] AND effective_date_of_rights_transfer:[20250101 TO *]
326,patent|k3|org+kw+application_date|base=20240430,麻烦检索特斯拉，关于外骨骼机器人、去年申请日的专利有哪些？,patent|org_name:特斯拉 AND key_words:外骨骼机器人 AND application_date:[20230101 TO 20231231],"Could you please search for Tesla's patents related to exoskeleton robots, filed last year?",patent|org_name:Tesla AND application_date:[20230101 TO 20231231] AND key_words:exoskeleton robots
343,patent$$paper|k2+k2|patent:org+cited_count$$paper:org+paper_cited_count|base=20251231,想查下：谷歌或北京大艾机器人科技有限公司，被引用为25次的专利有哪些？ 再帮我看下：谷歌或北京大艾机器人科技有限公司，被引用100到105次的论文有哪些？,patent|org_name:(谷歌 OR 北京大艾机器人科技有限公司) AND cited_count:25 $$ paper|org_name:(谷歌 OR 北京大艾机器人科技有限公司) AND cited_count:[100 TO 105],"I'd like to know: What patents from Google or Beijing Daai Robotics Technology Co., Ltd. have been cited 25 times? Also, could you please check what papers from Google or Beijing Daai Robotics Technology Co., Ltd. have been cited 100 to 105 times?",patent|org_name:(Google OR Beijing Daai Robotics Technology) AND cited_count:25 $$ paper|org_name:(Google OR Beijing Daai Robotics Technology) AND cited_count:[100 TO 105]
346,patent|k5|org+license_effective_date+effective_date_of_rights_transfer+ipc+NOT|base=20251010,想了解一下中科院，近几年许可生效日、2020年到2025年权利转移生效日、不包含被引用20次、IPCH01L的专利有哪些？,patent|org_name:中科院 AND license_effective_date:[20201010 TO 20251010] AND effective_date_of_rights_transfer:[20200101 TO 20251010] AND ipc_cpc:H01L AND NOT (cited_count:20),"I'd like to know about the Chinese Academy of Sciences. What patents have been granted licenses in recent years, have been transferred between 2020 and 2025, and are excluding those cited more than 20 times, and have IPCH01L?",patent|org_name: Chinese Academy of Sciences AND license_effective_date:[20201010 TO 20251010] AND effective_date_of_rights_transfer:[20200101 TO 20251010] AND ipc_cpc:H01L AND NOT (cited_count:20)
347,patent|k4|org+license_effective_date+publication_date+ipc|base=20260119,请帮我筛一下台积电，2023年到2025年公开日、2023年前许可生效日、IPCA61B的专利有哪些？,patent|org_name:台积电 AND publication_date:[20230101 TO 20251231] AND license_effective_date:[* TO 20221231] AND ipc_cpc:A61B,"Please help me filter TSMC's patents. What are the publication dates, license effective dates before 2023, and IPCA61B patents from 2023 to 2025?",patent|org_name:TSMC AND publication_date:[20230101 TO 20251231] AND license_effective_date:[* TO 20221231] AND ipc_cpc:A61B
369,patent|k4|org+kw+license_effective_date+transfer_before|base=20240930,想搜OPPO相关的，关于抗体药物、2025年Q3许可生效日、转让人是Hummel公司的专利有哪些？,patent|org_name:OPPO AND key_words:抗体药物 AND license_effective_date:[20250701 TO 20250930] AND transfer_before:Hummel公司,"I'm looking for information related to OPPO, specifically about antibody drugs, the Q3 2025 license effective date, and patents transferred by Hummel.",patent|org_name:OPPO AND transfer_before:Hummel AND key_words:antibody drugs AND license_effective_date:[20250701 TO 20250930]
399,patent|k4|org+licensor+publication_date+ipc|base=20241031,帮我找找西门子，今年公开日、许可人是格力、IPCG06F的专利有哪些？,patent|org_name:西门子 AND publication_date:[20240101 TO *] AND licensor:格力 AND ipc_cpc:G06F,"Could you help me find out which Siemens patents were published this year, have Gree as the licensor, and are under license number IPCG06F?",patent|org_name:Siemens AND publication_date:[20240101 TO *] AND licensor:Gree AND ipc_cpc:G06F
401,patent|k3|org+kw+application_date|base=20250315,想搜立林科技有限公司或美敦力公司相关的，关于导航定位与ADC、今年申请日的专利有哪些？,patent|org_name:(立林科技有限公司 OR 美敦力公司) AND key_words:(导航定位 OR ADC) AND application_date:[20250101 TO *],"If you're looking for patents related to Lilin Technology Co., Ltd. or Medtronic Corporation, specifically concerning navigation, positioning, and ADCs, and filed this year, what are they?",patent|org_name:(Leelin OR Medtronic) AND application_date:[20250101 TO *] AND key_words:(navigation positioning OR ADCs)
412,patent|k4|org+kw+cited_count+reference_count|base=20251111,看看百度或株洲宏达电子股份有限公司这块，关于监护设备与后量子密码、被引用超过5次、引用不超过5次的专利有哪些？,patent|org_name:(百度 OR 株洲宏达电子股份有限公司) AND key_words:(监护设备 OR 后量子密码) AND cited_count:[6 TO *] AND reference_count:[* TO 5],"Looking at Baidu or Zhuzhou Hongda Electronics Co., Ltd., what patents are there related to monitoring equipment and post-quantum cryptography, that have been cited more than 5 times or less than 5 times?",patent|org_name:(Baidu OR Zhuzhou Hongda Electronics) AND key_words:(monitoring equipment OR post-quantum cryptography) AND cited_count:[6 TO *] AND reference_count:[* TO 5]
421,patent$$paper|k3+k3|patent:org+kw+cited_count$$paper:org+kw+paper_cited_count|base=20251111,想查下：恒河新材料科技股份有限公司，关于人工智能，被引用15到25次的专利有哪些？ 顺便：联想，关于人工智能，被引用超过80次的论文有哪些？,patent|org_name:恒河新材料科技股份有限公司 AND key_words:人工智能 AND cited_count:[15 TO 25] $$ paper|org_name:联想 AND key_words:人工智能 AND cited_count:[81 TO *],"I'd like to check: Henghe New Materials Technology Co., Ltd., what patents related to artificial intelligence have been cited 15 to 25 times? Also: Lenovo, what papers related to artificial intelligence have been cited more than 80 times?",patent|org_name:Henghe New Material Technology AND key_words:artificial intelligence AND cited_count:[15 TO 25] $$ paper|org_name:Lenovo AND key_words:artificial intelligence AND cited_count:[81 TO *]
428,patent|k3|org+effective_date_of_rights_transfer+ipc|base=20251231,看看比亚迪这块，今年权利转移生效日、IPCG01N的专利有哪些？,patent|org_name:比亚迪 AND effective_date_of_rights_transfer:[20250101 TO *] AND ipc_cpc:G01N,"Looking at BYD, what patents have been transferred and registered this year with IPCG01N?",patent|org_name:BYD AND ipc_cpc:G01N AND effective_date_of_rights_transfer:[20250101 TO *]
450,patent|k3|org+license_effective_date+ipc|base=20240930,想了解一下北京纳米维景科技有限公司，去年许可生效日、IPCA61K的专利有哪些？,patent|org_name:北京纳米维景科技有限公司 AND license_effective_date:[20230101 TO 20231231] AND ipc_cpc:A61K,"I'd like to know more about Beijing Nanovision Technology Co., Ltd. What patents did they have that had their licenses effective last year and that are under IPCA61K?",patent|org_name:Beijing Nanovision AND ipc_cpc:A61K AND license_effective_date:[20230101 TO 20231231]
451,patent|k5|org+kw+reference_count+transfer_after+NOT|base=20240228,请帮我筛一下台积电，关于闪存与知识图谱、引用不少于10次、受让人是美敦力公司、不包含被引用20次的专利有哪些？,patent|org_name:台积电 AND key_words:(闪存 OR 知识图谱) AND reference_count:[10 TO *] AND transfer_after:美敦力公司 AND NOT (cited_count:20),"Please help me filter TSMC patents related to flash memory and knowledge graphs. Which patents have been cited at least 10 times, have Medtronic as the assignee, and do not include those cited 20 times?",patent|org_name:TSMC AND key_words:(flash memory OR knowledge graphs) AND reference_count:[10 TO *] AND transfer_after: Medtronic AND NOT (cited_count:[20 TO *])
458,patent|k4|org+kw+cited_count+application_date|base=20251010,想了解一下通信股份有限公司，关于V2X、被引用超过15次、近几年申请日的专利有哪些？,patent|org_name:通信股份有限公司 AND key_words:V2X AND cited_count:[16 TO *] AND application_date:[20201010 TO 20251010],"I'd like to learn more about a telecommunications company. What patents does it have related to V2X, have been cited more than 15 times, and have been filed in recent years?",patent|org_name:telecommunications company AND key_words:V2X AND application_date:[20201010 TO 20251010] AND cited_count:[16 TO *]
467,patent$$paper|k4+k2|patent:org+kw+cited_count+publication_date$$paper:org+paper_reference_count|base=20260228,想查下：丰田，关于GaN，被引用超过15次，最近9个月公开的专利有哪些？ 同时也：丰田，参考文献为25次的论文有哪些？,patent|org_name:丰田 AND key_words:GaN AND cited_count:[16 TO *] AND publication_date:[20250528 TO 20260228] $$ paper|org_name:丰田 AND reference_count:25,I'd like to check: What patents related to GaN have been cited more than 15 times and published in the last 9 months by Toyota? Also: What papers by Toyota have been cited more than 25 times?,patent|org_name:Toyota AND key_words:GaN AND cited_count:[16 TO *] AND publication_date:[20250528 TO 20260228] $$ paper|org_name:Toyota AND reference_count:25
472,patent|k4|org+effective_date_of_rights_transfer+earliest_family_earliest_priority_date+ipc|base=20241231,帮我查下通信股份有限公司：最近24个月最早优先权日、2019年前权利转移生效日、IPCH01L的专利有哪些？,patent|org_name:通信股份有限公司 AND earliest_family_earliest_priority_date:[20221231 TO 20241231] AND effective_date_of_rights_transfer:[* TO 20181231] AND ipc_cpc:H01L,"Could you please help me check the following information for the telecommunications company: what are its earliest priority date in the last 24 months, the effective date of rights transfer before 2019, and its patents under IPCH01L?",patent|ipc_cpc:H01L AND earliest_family_earliest_priority_date:[20221231 TO 20241231] AND effective_date_of_rights_transfer:[* TO 20181231] AND org_name:telecommunications company
491,patent|k3|org+kw+publication_date|base=20251111,请帮我筛一下亚马逊，关于知识图谱、2021年到2025年公开日的专利有哪些？,patent|org_name:亚马逊 AND key_words:知识图谱 AND publication_date:[20210101 TO 20251111],Please help me filter Amazon's patents related to knowledge graphs and those with publication dates from 2021 to 2025.,patent|org_name:Amazon AND key_words:knowledge graphs AND publication_date:[20210101 TO 20251111]
497,patent|k3|org+kw+licensor|base=20250520,想搜苏州绿谐波传动科技股份有限公司相关的，关于协作机器人、许可人是广东微容电子科技股份有限公司的专利有哪些？,patent|org_name:苏州绿谐波传动科技股份有限公司 AND key_words:协作机器人 AND licensor:广东微容电子科技股份有限公司,"I'm looking for information related to Suzhou Green Harmonic Drive Technology Co., Ltd., specifically regarding collaborative robots and the patents held by Guangdong Micro-Rong Electronics Technology Co., Ltd.",patent|licensor:Guangdong Micro-Rong Electronics Technology AND key_words:(collaborative robots OR collaborative robot) AND org_name:Suzhou Green Harmonic Drive
525,patent|k5|org+kw+application_date+publication_date+ipc|base=20241130,查询苹果：关于碳纤维、2021年到2023年公开日、今年申请日、IPCG02B的专利有哪些？,patent|org_name:苹果 AND key_words:碳纤维 AND publication_date:[20210101 TO 20231231] AND application_date:[20240101 TO *] AND ipc_cpc:G02B,"Searching on Apple: What patents are related to carbon fiber, publication dates from 2021 to 2023, application dates this year, and IPCG02B?",patent|org_name:Apple AND key_words:carbon fiber AND publication_date:[20210101 TO 20231231] AND application_date:[20240101 TO *] AND ipc_cpc:G02B
527,patent|k3|org+license_effective_date+publication_date|base=20241031,帮我找找北京小米移动软件有限公司或格力，2024年前公开日、2020年到2023年许可生效日的专利有哪些？,patent|org_name:(北京小米移动软件有限公司 OR 格力) AND publication_date:[* TO 20231231] AND license_effective_date:[20200101 TO 20231231],"Could you help me find out which patents from Beijing Xiaomi Mobile Software Co., Ltd. or Gree have publication dates before 2024 and license effective dates between 2020 and 2023?",patent|org_name:(Xiaomi OR Gree) AND publication_date:[* TO 20231231] AND license_effective_date:[20200101 TO 20231231]
528,patent|k4|org+kw+transfer_before+effective_date_of_rights_transfer|base=20251031,帮我查下比亚迪：关于能量管理、2021年到2024年权利转移生效日、转让人是株洲宏达电子股份有限公司的专利有哪些？,patent|org_name:比亚迪 AND key_words:能量管理 AND effective_date_of_rights_transfer:[20210101 TO 20241231] AND transfer_before:株洲宏达电子股份有限公司,"Could you please help me check BYD's patents related to energy management, with the effective date of the rights transfer from 2021 to 2024, and the transferor being Zhuzhou Hongda Electronics Co., Ltd.?","patent|org_name:BYD AND key_words:energy management AND effective_date_of_rights_transfer:[20210101 TO 20241231] AND transfer_before:Zhuzhou Hongda Electronics Co., Ltd."
532,patent|k2|org+reference_count|base=20251212,看看飞翼股份有限公司这块，引用15到35次的专利有哪些？,patent|org_name:飞翼股份有限公司 AND reference_count:[15 TO 35],"Looking at Flying Wing Corporation, what patents have been cited 15 to 35 times?",patent|org_name:Flying Wing AND reference_count:[15 TO 35]
535,patent|k4|org+kw+application_date+country|base=20240926,帮我找找江苏科曼赛特减振器有限公司或立林科技有限公司，关于IC设计、2021年到2023年申请日、欧盟的专利有哪些？,patent|org_name:(江苏科曼赛特减振器有限公司 OR 立林科技有限公司) AND key_words:IC设计 AND application_date:[20210101 TO 20231231] AND country_name:欧盟,"Could you help me find Jiangsu Comanset Vibration Damper Co., Ltd. or Lilin Technology Co., Ltd.? What patents do they have related to IC design, application dates from 2021 to 2023, and the European Union?",patent|org_name:(Jiangsu Comanset Vibration Damper OR Lilin Technology) AND country_name:European Union AND key_words:IC design AND application_date:[20210101 TO 20231231]
537,paper|k3|org+kw+cited_count|base=20240331,想搜上海曼杰有限公司相关的，关于先进封装与DDR、被引用为3次的论文有哪些？,paper|org_name:上海曼杰有限公司 AND key_words:(先进封装 OR DDR) AND cited_count:3,"I'm looking for information related to Shanghai Mange Co., Ltd., specifically regarding advanced packaging and DDR, and what papers have been cited three times.",paper|org_name:Shanghai Mange AND key_words:(advanced packaging OR DDR) AND cited_count:3
566,paper|k3|org+cited_count+date|base=20260131,麻烦检索复旦大学，被引用20到70次、今年发表的论文有哪些？,paper|org_name:复旦大学 AND cited_count:[20 TO 70] AND date:[20260101 TO *],Please search for Fudan University's published papers that have been cited 20 to 70 times this year.,paper|org_name:Fudan University AND date:[20260101 TO *] AND cited_count:[20 TO 70]
590,patent|k3|org+transfer_before+earliest_family_earliest_priority_date|base=20250101,麻烦检索格尔软件股份有限公司或联想，最近24个月最早优先权日、转让人是百度的专利有哪些？,patent|org_name:(格尔软件股份有限公司 OR 联想) AND earliest_family_earliest_priority_date:[20230101 TO 20250101] AND transfer_before:百度,"Please search for GEL Software Co., Ltd. or Lenovo for patents with the earliest priority date in the last 24 months and Baidu as the assignor.",patent|org_name:(GEL Software OR Lenovo) AND earliest_family_earliest_priority_date:[20230101 TO 20250101] AND transfer_before:Baidu
609,patent|k5|org+kw+cited_count+publication_date+country|base=20240831,想搜博世相关的，关于小分子、被引用8到58次、2020年前公开日、中国的专利有哪些？,patent|org_name:博世 AND key_words:小分子 AND cited_count:[8 TO 58] AND publication_date:[* TO 20191231] AND country_name:中国,"I'm looking for information related to Bosch, specifically regarding small molecules, patents cited 8 to 58 times, publication dates before 2020, and patents in China.",patent|org_name:Bosch AND key_words:small molecules AND cited_count:[8 TO 58] AND publication_date:[* TO 20191231] AND country_name:China
613,patent|k3|org+kw+earliest_family_earliest_priority_date|base=20241231,查询北京纳米维景科技有限公司：关于自动驾驶与交互、去年最早优先权日的专利有哪些？,patent|org_name:北京纳米维景科技有限公司 AND key_words:(自动驾驶 OR 交互) AND earliest_family_earliest_priority_date:[20230101 TO 20231231],"Searching for Beijing Nanovision Technology Co., Ltd.: What patents related to autonomous driving and interaction have the earliest priority date last year?",patent|org_name:Beijing Nanovision AND key_words:(autonomous driving OR interaction) earliest_family_earliest_priority_date:[20230101 TO 20231231]
620,patent|k4|org+kw+transfer_before+earliest_family_earliest_priority_date|base=20241231,看看联想这块，关于机器人、2025年最早优先权日、转让人是Hummel公司的专利有哪些？,patent|org_name:联想 AND key_words:机器人 AND earliest_family_earliest_priority_date:[20250101 TO 20251231] AND transfer_before:Hummel公司,"Looking at Lenovo's patents, what patents are related to robots, with the earliest priority date of 2025, and transferred by Hummel?",patent|org_name:Lenovo AND transfer_before:Hummel AND key_words:robots AND earliest_family_earliest_priority_date:[20250101 TO 20251231]
622,patent$$paper|k4+k3|patent:org+kw+cited_count+publication_date$$paper:org+kw+paper_reference_count|base=20251010,想查下：宁波菲仕技术股份有限公司，关于软件，被引用50到100次，2023年前公开的专利有哪些？ 同时也：腾讯，关于软件，参考文献3到8次的论文有哪些？,patent|org_name:宁波菲仕技术股份有限公司 AND key_words:软件 AND cited_count:[50 TO 100] AND publication_date:[* TO 20230101] $$ paper|org_name:腾讯 AND key_words:软件 AND reference_count:[3 TO 8],"I'd like to find out: What software-related patents published before 2023 by Ningbo Feishi Technology Co., Ltd., with 50 to 100 citations? Also, what software-related papers does Tencent have with 3 to 8 references?",patent|org_name:Ningbo Feishi Technology AND key_words:software AND publication_date:[* TO 20230101] AND cited_count:[50 TO 100] $$ paper|org_name:Tencent AND key_words:software AND reference_count:[3 TO 8]
642,patent|k4|org+kw+license_effective_date+earliest_family_earliest_priority_date|base=20260119,想了解一下台积电公司，关于先进封装、最近18个月最早优先权日、2025年许可生效日的专利有哪些？,patent|org_name:台积电 AND key_words:先进封装 AND earliest_family_earliest_priority_date:[20240719 TO 20260119] AND license_effective_date:[20250101 TO 20251231],"I'd like to know more about TSMC. What patents does it have related to advanced packaging, the earliest priority date in the last 18 months, and the license effective date in 2025?",patent|org_name:TSMC AND key_words:advanced packaging AND earliest_family_earliest_priority_date:[20240719 TO 20260119] AND license_effective_date:[20250101 TO 20251231]
652,patent|k4|org+publication_date+country+ipc|base=20240926,看看亚马逊或佛山市南海区绿智电机设备有限公司这块，2024年Q2公开日、法国、IPCA61B的专利有哪些？,patent|org_name:(亚马逊 OR 佛山市南海区绿智电机设备有限公司) AND publication_date:[20240401 TO 20240630] AND country_name:法国 AND ipc_cpc:A61B,"Let's take a look at Amazon or Foshan Nanhai Green Intelligent Motor Equipment Co., Ltd. What patents were published in Q2 2024, in France, and under IPCA61B?",patent|org_name:(Amazon OR Foshan Nanhai Green Intelligent Motor Equipment) AND country_name:France AND publication_date:[20240401 TO 20240630] AND ipc_cpc:A61B
655,patent|k5|org+license_effective_date+earliest_family_earliest_priority_date+country+NOT|base=20240930,帮我找找西门子或广东微容电子科技股份有限公司，2024年最早优先权日、今年许可生效日、不包含被引用5次、英国的专利有哪些？,patent|org_name:(西门子 OR 广东微容电子科技股份有限公司) AND earliest_family_earliest_priority_date:[20240101 TO 20241231] AND license_effective_date:[20240101 TO *] AND country_name:英国 AND NOT (cited_count:5),"Could you help me find Siemens or Guangdong Microelectronics Technology Co., Ltd.'s patents with the earliest priority date in 2024, the effective date of the license this year, excluding those cited more than 5 times, and in the UK?",patent|country_name:United Kingdom AND org_name:(Siemens OR Guangdong Microelectronics Technology) AND earliest_family_earliest_priority_date:[20240101 TO 20241231] AND license_effective_date:[20240101 TO *] AND NOT (cited_count:5)
684,patent|k2|effective_date_of_rights_transfer+transfer_before|base=20240831,看看2019-2024年权利转移生效日这块，转让人是苏州绿谐波传动科技股份有限公司的专利有哪些？,patent|effective_date_of_rights_transfer:[20190101 TO 20240831] AND transfer_before:苏州绿谐波传动科技股份有限公司,"Looking at the effective dates of the rights transfer from 2019 to 2024, what patents does the transferor, Suzhou Green Harmonic Drive Technology Co., Ltd., hold?",patent|transfer_before:Suzhou Green Harmonic Drive Technology AND effective_date_of_rights_transfer:[20190101 TO 20240831]
692,patent|k5|org+kw+license_effective_date+country+ipc|base=20240831,看看抖音集团这块，关于氢能、最近18个月许可生效日、欧盟、IPCH04W的专利有哪些？,patent|org_name:抖音集团 AND key_words:氢能 AND license_effective_date:[20230228 TO 20240831] AND country_name:欧盟 AND ipc_cpc:H04W,"Looking at Douyin Group, what patents does it have related to hydrogen energy, the effective date of licenses in the last 18 months, the European Union, and IPCH04W?",patent|org_name:Douyin Group AND key_words:hydrogen energy AND license_effective_date:[202300228 TO 20240831] AND country_name:European Union AND ipc_cpc:H04W
711,patent|k3|org+kw+application_date|base=20260119,帮我找找西门子，关于人工智能、2023年到2026年申请日的专利有哪些？,patent|org_name:西门子 AND key_words:人工智能 AND application_date:[20230101 TO 20260119],"Could you help me find Siemens' patents related to artificial intelligence, filed between 2023 and 2026?",patent|org_name:Siemens AND application_date:[20230101 TO 20260119] AND key_words:artificial intelligence
731,patent$$paper|k3+k2|patent:org+cited_count+publication_date$$paper:org+paper_reference_count|base=20251212,想查下：苏州晶湛半导体有限公司，被引用为8次，2024年Q2公开的专利有哪些？ 顺便：苏州晶湛半导体有限公司，参考文献为80次的论文有哪些？,patent|org_name:苏州晶湛半导体有限公司 AND cited_count:8 AND publication_date:[20240401 TO 20240630] $$ paper|org_name:苏州晶湛半导体有限公司 AND reference_count:80,"I'd like to find out: What patents published by Suzhou Jingzhan Semiconductor Co., Ltd. in Q2 2024 that have been cited 8 times? Also, what papers by Suzhou Jingzhan Semiconductor Co., Ltd. have been referenced 80 times?",patent|org_name:Suzhou Jingzhan Semiconductor AND publication_date:[20240401 TO 20240630] AND cited_count:8 $$ paper|org_name:Suzhou Jingzhan Semiconductor AND reference_count:80
738,paper|k5|org+kw+cited_count+reference_count+journal|base=20250704,想了解一下南京大学或丰田，关于智能座舱、被引用超过100次、参考文献不少于100次、发表在Nature的论文有哪些？,paper|org_name:(南京大学 OR 丰田) AND key_words:智能座舱 AND cited_count:[101 TO *] AND reference_count:[100 TO *] AND journal:Nature,"I'd like to learn more about Nanjing University or Toyota regarding smart cockpits, specifically papers that have been cited over 100 times, have at least 100 references, and have been published in Nature.",paper|org_name:(Nanjing University OR Toyota) AND key_words:smart cockpits AND cited_count:[101 TO *] AND reference_count:[100 TO *] AND journal:Nature
772,patent|k4|org+kw+license_effective_date+earliest_family_earliest_priority_date|base=20241231,看看中国工商银行股份有限公司这块，关于小分子、2022年最早优先权日、最近18个月许可生效日的专利有哪些？,patent|org_name:中国工商银行股份有限公司 AND key_words:小分子 AND earliest_family_earliest_priority_date:[20220101 TO 20221231] AND license_effective_date:[20230630 TO 20241231],"Looking at the Industrial and Commercial Bank of China Limited, what patents does it have related to small molecules, the earliest priority date in 2022, and the effective date of licenses within the last 18 months?",patent|org_name:Industrial and Commercial Bank of China AND key_words:small molecules AND earliest_family_earliest_priority_date:[20220101 TO 20221231] AND license_effective_date:[20230630 TO 20241231]
773,patent|k5|org+kw+application_date+legal_status+NOT|base=20240731,查询苏州绿谐波传动科技股份有限公司：关于耐磨材料、最近3个月申请日、不包含被引用20次、法律状态驳回的专利有哪些？,patent|org_name:苏州绿谐波传动科技股份有限公司 AND key_words:耐磨材料 AND application_date:[20240430 TO 20240731] AND legal_status:驳回 AND NOT (cited_count:20),"Search for Suzhou Green Harmonic Drive Technology Co., Ltd.: What patents are related to wear-resistant materials, with application dates in the last 3 months, excluding those cited more than 20 times, and with a legal rejection status?",patent|org_name:Suzhou Green Harmonic Drive Technology AND key_words:wear-resistant materials AND legal_status:rejected AND application_date:[20240501 TO 20240731] AND NOT (cited_count:20)
800,patent|k3|org+kw+application_date|base=20241130,帮我查下京东：关于耐磨材料与存储、近几年申请日的专利有哪些？,patent|org_name:京东 AND key_words:(耐磨材料 OR 存储) AND application_date:[20191130 TO 20241130],Could you please check on JD.com: What patents have been filed in recent years related to wear-resistant materials and storage?,patent|org_name:JD AND date:[20191130 TO 20241130] AND key_words:(wear-resistant materials OR storage)
809,patent|k5|org+kw+licensee+earliest_family_earliest_priority_date+patent_type|base=20240731,想搜LG相关的，关于机器学习、近几年最早优先权日、被许可人是小米、实用新型的专利有哪些？,patent|org_name:LG AND key_words:机器学习 AND earliest_family_earliest_priority_date:[20190731 TO 20240731] AND licensee:小米 AND patent_type:实用新型,"I'm looking for LG-related patents, specifically those related to machine learning, the earliest priority dates in recent years, those with Xiaomi as the licensee, and utility model patents.",patent|org_name:LG AND key_words:machine learning AND earliest_family_earliest_priority_date:[20190731 TO 20240731] AND licensee:Xiaomi AND patent_type:utility model
909,patent|k2|org+application_date|base=20240831,查询特斯拉：2022年申请日的专利有哪些？,patent|org_name:特斯拉 AND application_date:[20220101 TO 20221231],Searching for Tesla's patents filed in 2022: What patents were filed in 2022?,patent|org_name:Tesla AND application_date:[20220101 TO 20221231]
916,patent$$paper|k4+k4|patent:org+kw+cited_count+publication_date$$paper:org+kw+paper_cited_count+date|base=20251111,想查下：台积电，关于V2X，被引用为50次，2026年Q2公开的专利有哪些？ 顺便：台积电，关于V2X，被引用超过15次，2026年发表的论文有哪些？,patent|org_name:台积电 AND key_words:V2X AND cited_count:50 AND publication_date:[20260401 TO 20260630] $$ paper|org_name:台积电 AND key_words:V2X AND cited_count:[16 TO *] AND date:[20260101 TO 20261231],"I'd like to check: What patents did TSMC publish in Q2 2026 related to V2X, which have been cited 50 times? Also: What papers did TSMC publish in 2026 related to V2X, which have been cited more than 15 times?",patent|org_name:TSMC AND key_words:V2X AND cited_count:50 AND publication_date:[20260401 TO 20260630] $$ paper|org_name:TSMC AND key_words:V2X AND cited_count:[16 TO *] AND date:[20260101 TO 20261231]
918,patent|k2|effective_date_of_rights_transfer+ipc_cpc|base=20241130,麻烦检索2023-2024年权利转移生效日，IPCG01N的专利有哪些？,patent|effective_date_of_rights_transfer:[20230101 TO 20241231] AND ipc_cpc:G01N,Please search for patents with IPCG01N whose rights transfer effective dates are 2023-2024.,patent|ipc_cpc:G01N AND effective_date_of_rights_transfer:[20230101 TO 20241231]
919,paper|k3|org+kw+reference_count|base=20250315,帮我找找苹果，关于医疗器械、参考文献为80次的论文有哪些？,paper|org_name:苹果 AND key_words:医疗器械 AND reference_count:80,Could you help me find some papers on Apple related to medical devices with 80 references?,paper|org_name:Apple AND key_words:medical devices AND reference_count:80
933,patent$$paper|k3+k2|patent:org+cited_count+publication_date$$paper:org+paper_cited_count|base=20241130,想查下：北京朗视仪器股份有限公司，被引用不少于8次，2019年到2024年公开的专利有哪些？ 再帮我看下：北京朗视仪器股份有限公司，被引用5到15次的论文有哪些？,patent|org_name:北京朗视仪器股份有限公司 AND cited_count:[8 TO *] AND publication_date:[20190101 TO 20241130] $$ paper|org_name:北京朗视仪器股份有限公司 AND cited_count:[5 TO 15],"I'd like to check what patents Beijing Langshi Instruments Co., Ltd. has published between 2019 and 2024 that have been cited at least 8 times. Also, could you please check what papers Beijing Langshi Instruments Co., Ltd. has been cited between 5 and 15 times?",patent|org_name:Beijing Langshi Instruments AND publication_date:[20190101 TO 20241130] AND cited_count:[8 TO *] $$ paper|org_name:Beijing Langshi Instruments AND cited_count:[5 TO 15]
1018,patent|k5|org+kw+effective_date_of_rights_transfer+application_date+ipc|base=20251010,想了解一下上海艾为电子技术股份有限公司，关于操作系统、2025年权利转移生效日、2026年Q4申请日、IPCG06N的专利有哪些？,patent|org_name:上海艾为电子技术股份有限公司 AND key_words:操作系统 AND effective_date_of_rights_transfer:[20250101 TO 20251010] AND application_date:[20261001 TO 20261231] AND ipc_cpc:G06N,"I'd like to learn more about Shanghai Awinic Electronics Technology Co., Ltd. What patents does the company hold related to operating systems, the effective date of the rights transfer in 2025, the application date in Q4 2026, and IPCG06N?",patent|org_name:Shanghai Awinic Electronics Technology AND key_words:operating systems AND ipc_cpc:G06N AND effective_date_of_rights_transfer:[20250101 TO 20251010] AND application_date:[20261001 TO 20261231]
1022,patent|k2|kw+transfer_before|base=20240926,麻烦检索关于人工智能，转让人是北京大学的专利有哪些？,patent|key_words:人工智能 AND transfer_before:北京大学,Could you please search for patents related to artificial intelligence that have been transferred by Peking University?,patent|transfer_before:Peking University AND key_words:artificial intelligence
1030,paper|k3|org+kw+reference_count|base=20260228,麻烦检索高通，关于动力电池、参考文献5到55次的论文有哪些？,paper|org_name:高通 AND key_words:动力电池 AND reference_count:[5 TO 55],"Please search for Qualcomm papers on power batteries, which have 5 to 55 references.",paper|org_name:Qualcomm AND key_words:power batteries AND reference_count:[5 TO 55]
1072,paper|k4|org+kw+reference_count+date|base=20241031,帮我查下北京大艾机器人科技有限公司：关于稀土永磁材料、参考文献为80次、最近18个月发表的论文有哪些？,paper|org_name:北京大艾机器人科技有限公司 AND key_words:稀土永磁材料 AND reference_count:80 AND date:[20230430 TO 20241031],"Could you please help me find out what papers Beijing Daai Robotics Technology Co., Ltd. has published in the last 18 months regarding rare earth permanent magnet materials, with 80 references?",paper|org_name:Beijing Daai Robotics AND date:[20230430 TO 20241031] AND reference_count:80 AND key_words:rare earth permanent magnet materials
1105,patent|k5|org+kw+licensor+earliest_family_earliest_priority_date+country|base=20250909,想搜齐重数控装备股份有限公司或中国中煤能源集团有限公司相关的，关于无线充电、2026年Q4最早优先权日、许可人是苹果公司、加拿大的专利有哪些？,patent|org_name:(齐重数控装备股份有限公司 OR 中国中煤能源集团有限公司) AND key_words:无线充电 AND earliest_family_earliest_priority_date:[20261001 TO 20261231] AND licensor:苹果公司 AND country_name:加拿大,"I'm looking for information related to China Heavy CNC Equipment Co., Ltd. or China Coal Energy Group Co., Ltd., specifically regarding wireless charging, the earliest priority date of Q4 2026, Apple Inc. as the licensor, and Canadian patents.",patent|org_name:(China Heavy CNC Equipment OR China Coal Energy Group) AND key_words:wireless charging AND earliest_family_earliest_priority_date:[20261001 TO 20261231] AND licensor:Apple AND country_name:Canada
1108,patent|k3|org+reference_count+legal_status|base=20240930,看看台积电这块，引用不少于8次、法律状态驳回的专利有哪些？,patent|org_name:台积电 AND reference_count:[8 TO *] AND legal_status:驳回,"Looking at TSMC, which patents have been cited at least 8 times and whose legal status has been rejected?",patent|org_name:TSMC AND reference_count:[8 TO *] AND legal_status:rejected
1124,patent|k4|org+kw+transfer_before+legal_status|base=20251031,看看台积电或三星这块，关于OLED、转让人是华为、法律状态已授权的专利有哪些？,patent|org_name:(台积电 OR 三星) AND key_words:OLED AND transfer_before:华为 AND legal_status:授权,"Looking at TSMC or Samsung, what patents are related to OLED, with Huawei as the transferor, and whose legal status is authorized?",patent|org_name:(TSMC OR Samsung OR Huawei) AND key_words:OLED AND legal_status:granted AND transfer_before:Huawei
1192,patent|k5|org+kw+cited_count+transfer_before+ipc|base=20240926,帮我查下北京大学：关于图像传感器、被引用超过8次、转让人是天津凯华绝缘材料股份有限公司、IPCB60W的专利有哪些？,patent|org_name:北京大学 AND key_words:图像传感器 AND cited_count:[9 TO *] AND transfer_before:天津凯华绝缘材料股份有限公司 AND ipc_cpc:B60W,"Could you please help me find out which patents Peking University has related to image sensors, cited more than 8 times, transferred by Tianjin Kaihua Insulation Materials Co., Ltd., and include the IPCB60W?",patent|org_name:Peking University AND transfer_before:Tianjin Kaihua Insulation Materials AND key_words:image sensors AND cited_count:[9 TO *] AND ipc_cpc:B60W
1210,patent|k4|org+licensor+patent_type+ipc|base=20240831,想了解一下南京伟思医疗科技股份有限公司，许可人是联想、实用新型、IPCF16H的专利有哪些？,patent|org_name:南京伟思医疗科技股份有限公司 AND licensor:联想 AND patent_type:实用新型 AND ipc_cpc:F16H,"I'd like to know more about Nanjing Weisi Medical Technology Co., Ltd. What patents does the company hold, including those with Lenovo as the licensor, utility model patent, and IPCF16H patent?",patent|org_name:Nanjing Weisi Medical Technology AND licensor:Lenovo AND patent_type:utility model AND ipc_cpc:F16H
1225,patent|k4|org+kw+application_date+ipc|base=20250101,想搜辉瑞公司相关的，关于MR、最近3个月申请日、IPCG06N的专利有哪些？,patent|org_name:辉瑞公司 AND key_words:MR AND application_date:[20241001 TO 20250101] AND ipc_cpc:G06N,"I'm looking for information about Pfizer, specifically regarding MR patents, application dates in the last three months, and patent IPCG06N.",patent|org_name:Pfizer AND date:[20241001 TO 20250101] AND ipc_cpc:G06N AND key_words:MR
1229,paper|k4|kw+cited_count+reference_count+journal|base=20260131,查询关于CRISPR：被引用不少于101次、引用10到60次、发表在ICLR的论文有哪些？,paper|key_words:CRISPR AND cited_count:[101 TO *] AND reference_count:[10 TO 60] AND journal:ICLR,"Searching for information about CRISPR: What papers have been cited at least 101 times, cited 10 to 60 times, and published in ICLR?",paper|journal:ICLR AND key_words:CRISPR AND cited_count:[101 TO *] AND reference_count:[10 TO 60] 
1240,patent|k3|org+licensor+earliest_family_earliest_priority_date|base=20250101,帮我查下三星：最近18个月最早优先权日、许可人是辉瑞公司的专利有哪些？,patent|org_name:三星 AND earliest_family_earliest_priority_date:[20230701 TO 20250101] AND licensor:辉瑞公司,Could you help me find out which Samsung patents have the earliest priority date and licensor Pfizer within the last 18 months?,patent|org_name:Samsung AND earliest_family_earliest_priority_date:[20230701 TO 20250101] AND licensor:Pfizer 
1242,patent|k1|publication_date|base=20240229,帮我搜一下：2022-2023年公开日的专利有哪些？,patent|publication_date:[20220101 TO 20231231],Could you help me search for: What patents were published in 2022-2023?,patent|publication_date:[20220101 TO 20231231]
1274,patent$$paper|k3+k3|patent:org+kw+cited_count$$paper:org+kw+paper_cited_count|base=20250909,想查下：南京埃斯顿自动化股份有限公司，关于固态电池，被引用25到30次的专利有哪些？ 以及：南京埃斯顿自动化股份有限公司，关于固态电池，被引用不少于50次的论文有哪些？,patent|org_name:南京埃斯顿自动化股份有限公司 AND key_words:固态电池 AND cited_count:[25 TO 30] $$ paper|org_name:南京埃斯顿自动化股份有限公司 AND key_words:固态电池 AND cited_count:[50 TO *],"I'd like to find out: What patents related to solid-state batteries does Nanjing Estun Automation Co., Ltd. have been cited 25 to 30 times? And what papers related to solid-state batteries does Nanjing Estun Automation Co., Ltd. have been cited at least 50 times?",patent|org_name:Estun AND key_words:solid-state batteries AND cited_count:[25 TO 30] $$ paper|org_name:Estun AND key_words:solid-state batteries AND cited_count:[50 TO *]
1279,patent|k3|org+reference_count+earliest_family_earliest_priority_date|base=20240229,帮我找找小米，今年最早优先权日、引用不少于20次的专利有哪些？,patent|org_name:小米 AND earliest_family_earliest_priority_date:[20240101 TO *] AND reference_count:[20 TO *],Can you help me find XiaomI's patents with the earliest priority date and at least 20 citations this year?,patent|org_name:Xiaomi AND earliest_family_earliest_priority_date:[20240101 TO *] AND cited_count:[20 TO *]
1288,paper|k4|kw+cited_count+date+journal|base=20241031,帮我查下关于人工智能：被引用不少于16次、近几年发表、发表在ACM SIGIR的论文有哪些？,paper|key_words:人工智能 AND cited_count:[16 TO *] AND date:[20191031 TO 20241031] AND journal:ACM SIGIR,"Could you help me find out which papers on artificial intelligence have been cited at least 16 times, published in recent years, and published in ACM SIGIR?",paper|journal:ACM SIGIR AND cited_count:[16 TO *] AND date:[20191031 TO 20241031] AND key_words:artificial intelligence
1316,patent$$paper|k3+k2|patent:org+cited_count+publication_date$$paper:org+paper_cited_count|base=20251010,想查下：腾讯，被引用超过100次，2024年公开的专利有哪些？ 顺便：腾讯，被引用不少于20次的论文有哪些？,patent|org_name:腾讯 AND cited_count:[101 TO *] AND publication_date:[20240101 TO 20241231] $$ paper|org_name:腾讯 AND cited_count:[20 TO *],"I'd like to find out: What patents from Tencent that have been cited more than 100 times and were published in 2024? Also, what papers from Tencent have been cited at least 20 times?",patent|org_name:Tencent AND publication_date:[20240101 TO 20241231] AND cited_count:[101 TO *] $$ paper|org_name:Tencent AND cited_count:[20 TO *]
